{
    "minFOV": 0.5235999822616577,
    "defaultFOV": 0.741765022277832,
    "maxFOV": 1.2
}